
{
	"allowSleep" : true,
	"autoClearForces" : true,
	"body" : 
	[
		
		{
			"angle" : 0,
			"angularVelocity" : 0,
			"awake" : true,
			"fixture" : 
			[
				
				{
					"density" : 1,
					"friction" : 0.2,
					"name" : "fixture1",
					"polygon" : 
					{
						"vertices" : 
						{
							"x" : [ 0.3133040070533752, -0.001324107521213591, -0.002648165216669440 ],
							"y" : [ -0.3733919858932495, 0.4006935656070709, -0.2497478127479553 ]
						}
					}
				},
				
				{
					"density" : 1,
					"friction" : 0.2,
					"name" : "fixture1",
					"polygon" : 
					{
						"vertices" : 
						{
							"x" : [ -0.001324107521213591, -0.3305169939994812, -0.002648165216669440 ],
							"y" : [ 0.4006935656070709, -0.3733919858932495, -0.2497478127479553 ]
						}
					}
				}
			],
			"linearVelocity" : 0,
			"massData-I" : 0.01081064529716969,
			"massData-center" : 
			{
				"x" : -0.006095129996538162,
				"y" : -0.07414874434471130
			},
			"massData-mass" : 0.2093839049339294,
			"name" : "body0",
			"position" : 0,
			"type" : 2
		}
	],
	"collisionbitplanes" : 
	{
		"names" : 
		[
			"bitplane1",
			"bitplane2",
			"bitplane3",
			"bitplane4",
			"bitplane5",
			"bitplane6",
			"bitplane7",
			"bitplane8",
			"bitplane9",
			"bitplane10",
			"bitplane11",
			"bitplane12",
			"bitplane13",
			"bitplane14",
			"bitplane15",
			"bitplane16",
			"bitplane17",
			"bitplane18",
			"bitplane19",
			"bitplane20",
			"bitplane21",
			"bitplane22",
			"bitplane23",
			"bitplane24",
			"bitplane25",
			"bitplane26",
			"bitplane27",
			"bitplane28",
			"bitplane29",
			"bitplane30",
			"bitplane31",
			"bitplane32"
		]
	},
	"continuousPhysics" : true,
	"gravity" : 0,
	"image" : 
	[
		
		{
			"aspectScale" : 1,
			"body" : 0,
			"center" : 0,
			"corners" : 
			{
				"x" : [ -0.5, 0.5, 0.5, -0.5 ],
				"y" : [ -0.5, -0.5, 0.5, 0.5 ]
			},
			"file" : "../Sprites/ship.png",
			"filter" : 1,
			"glDrawElements" : [ 0, 1, 2, 2, 3, 0 ],
			"glTexCoordPointer" : [ 0.0, 0.0, 1, 0.0, 1, 1, 0.0, 1 ],
			"glVertexPointer" : [ -0.5, -0.5, 0.5, -0.5, 0.5, 0.5, -0.5, 0.5 ],
			"name" : "image0",
			"opacity" : 0.5,
			"scale" : 1
		}
	],
	"positionIterations" : 3,
	"stepsPerSecond" : 60.0,
	"subStepping" : false,
	"velocityIterations" : 8,
	"warmStarting" : true
}
